<?xml version="1.0" encoding="UTF-8"?>
<project-private xmlns="http://www.netbeans.org/ns/project-private/1">
    <editor-bookmarks xmlns="http://www.netbeans.org/ns/editor-bookmarks/2" lastBookmarkId="0"/>
    <open-files xmlns="http://www.netbeans.org/ns/projectui-open-files/2">
        <group>
            <file>file:/C:/wamp/www/Kleva/Ekom/dist/css/custom.css</file>
            <file>file:/C:/wamp/www/Kleva/Ekom/server/products/get_product_details.php</file>
            <file>file:/C:/wamp/www/Kleva/Ekom/server/users/core.inc.php</file>
            <file>file:/C:/wamp/www/Kleva/Ekom/server/products/delete_product.php</file>
            <file>file:/C:/wamp/www/Kleva/Ekom/server/products/insert_product.php</file>
            <file>file:/C:/wamp/www/Kleva/Ekom/server/products/get_all_products.php</file>
            <file>file:/C:/wamp/www/Kleva/Ekom/scripts/index.js</file>
            <file>file:/C:/wamp/www/Kleva/Ekom/server/products/update_product.php</file>
            <file>file:/C:/wamp/www/Kleva/Ekom/server/users/get_user_details.php</file>
        </group>
    </open-files>
</project-private>
